Pocket_Label,Lining_Residues
0325_30,"THR255, ILE170, TYR171, THR172, GLY301, ALA299, THR303, TYR300, SER210, PHE211, ASP212, ILE307, ALA213, GLY279, ALA278, CYS308, ILE276, TRP216"
0034_18,"ILE170, ALA299, ASN492, GLY301, TYR300, THR303, THR172, TYR171, SER210, ILE307, ASP212, ALA213, ALA278, GLY279, PHE211"
0233_24,"ILE170, ALA299, THR172, GLY301, TYR300, THR303, SER210, PHE211, ASP212, ALA213, ALA278, GLY279, TRP216, CYS308, ILE307, ILE276, THR255"
0574_24,"ALA299, TYR300, GLY301, THR172, THR303, ASN173, ILE307, ASP212, ALA213, ALA278, GLY279, TRP216, PHE211, ILE276, CYS308, THR255"
0019_40,"LEU256, PRO257, TYR260, ILE276, ALA278, GLY279, LEU489, ILE41, VAL42, TYR171, THR172, ALA299, TYR300, GLY301, ILE170, PRO302, THR303, ILE307, CYS308, ILE203, GLY204, GLN205, PHE206, ALA207, SER208, LYS81, SER210, PHE211, ASP212, SER82, PHE86, ALA213, TRP216, ILE209, LEU85, MET218, ILE83, GLU217, SER214, ILE89, LEU228, ILE230, ASP103, ILE231, GLU105, THR490, TYR106, SER491, ASN492, PRO107, LYS233, ILE236, ASP496, LYS498, GLN499, GLY493, THR255"
0241_9,"ALA299, GLY301, THR303, ILE307, ASP212, ALA213, ALA278, GLY279"
0021_35,"LEU256, PRO257, MET178, THR259, TYR260, ILE276, ALA278, GLY279, ALA167, TYR168, VAL169, ILE170, ALA299, GLY301, THR303, THR177, THR306, LEU179, GLU180, ILE307, CYS308, GLY183, ILE184, THR305, ASN186, LEU187, LYS188, PHE190, PHE191, LEU195, ILE329, GLN330, THR332, PHE206, ALA207, SER208, ILE209, PHE211, ASP212, ALA213, SER214, VAL215, TRP216, ILE89, MET218, PHE219, GLU217, MET220, TYR99, PRO101, GLY358, ALA360, ILE236, GLY493, LYS494, ASN492, THR255"
0341_30,"ALA299, GLY301, THR303, ILE307, ILE276, CYS308, ALA278, ALA213, TRP216, PHE211, ASP212, GLY279, THR255"
0384_32,"THR255, ALA299, GLY301, THR303, ILE307, ASP212, ALA213, PHE211, GLY279, ALA278, CYS308, THR277, ILE276, TRP216"
0754_31,"LEU195, MET487, PRO488, LEU489, ALA299, ILE307, ASP212, ALA213, ALA278, ILE276, TRP216, GLU217, CYS308, MET220, THR255"
0296_13,"SER491, GLY204, PHE206, ALA207, ALA213, GLU217, THR255"
0554_22,"ALA299, GLY301, ILE307, ILE276, ALA213, ALA278, GLY279, PHE211, ASP212, CYS308, TRP216, THR255"
0281_22,"ALA299, GLY301, THR303, ILE307, ILE276, ALA213, ALA278, GLY279, TRP216, ASP212, CYS308, THR255"
0377_22,"ALA299, GLY301, THR303, ILE307, ILE276, ALA213, ALA278, GLY279, TRP216, CYS308, ASP212, THR255"
0458_30,"ALA299, GLY301, THR303, ILE307, ILE276, ALA213, ALA278, GLY279, CYS308, ASP212, TRP216, THR255"
0815_34,"ALA299, GLY301, THR303, ILE307, CYS308, ALA213, ALA278, GLY279, TRP216, ASP212, ILE276, THR255"
0001_28,"THR255, ALA299, GLY301, THR303, ILE307, ASP212, CYS308, ALA213, GLY279, ALA278, ILE276, TRP216"
0534_25,"ALA299, TYR300, GLY301, THR303, ILE307, ASP212, ALA213, CYS308, GLY279, ALA278, ILE276, TRP216, THR255"
0131_26,"LEU256, PRO257, TYR260, ILE276, ALA278, GLY279, ALA299, GLY301, THR306, ILE307, CYS308, LEU187, PHE206, ALA207, SER208, PHE211, ASP212, ALA213, TRP216, ILE236, THR255"
0296_33,"ASP72, LEU74, GLY76, MET78, ALA98, TYR99, VAL100, PRO101, ILE102, ASP103, ILE104, GLU105, TYR106, LYS108, ARG110, ILE111, GLN112, TYR113, ILE114, LEU115, ASP116, ASP117, SER118, GLN119, ALA120, LEU123, THR125, LEU129, LEU132, ILE133, GLN136, PHE137, ASN138, GLY139, LEU166, TYR168, VAL169, ILE170, TYR171, THR172, ASN173, PRO174, LYS175, GLY176, MET178, PHE191, SER194, LEU195, ASN196, VAL197, ASP201, ILE203, GLY204, SER208, SER210, PHE211, ASP212, ALA213, TRP216, GLU217, MET220, ALA221, ALA226, THR252, VAL253, ILE254, THR255, LEU256, GLN273, THR274, LEU275, ILE276, ALA278, GLY279, THR295, TYR296, ILE297, ALA299, TYR300, GLY301, PRO302, THR303, ILE307, CYS308, VAL313, TRP364, LYS365, ARG366, GLU434, THR435, ALA436, TYR452, PHE453, VAL454, ILE482, GLN483, LEU484, LYS486, MET487, PRO488, LEU489, THR490, SER491, LYS494, ILE495, ASP496, ARG497, LYS498, GLN499, LEU500, PRO501, GLU502"
0579_37,"ILE276, ALA278, GLY279, ALA167, TYR168, VAL169, ILE170, TYR171, THR172, GLY301, PRO302, THR303, ALA299, THR177, THR306, LEU179, GLU180, ILE307, CYS308, GLY183, ILE184, LEU187, LYS188, PHE191, ILE209, SER210, PHE211, ASP212, ALA213, VAL215, TRP216, PHE219, MET220, PRO101, THR255"
0190_31,"LEU256, PRO257, TYR260, ALA299, GLY301, PHE206, ALA207, THR303, ILE307, ILE276, ALA213, ALA278, GLY279, TRP216, CYS308, ASP212, THR255"
0018_22,"ALA299, GLY301, THR303, ILE307, CYS308, ALA213, ALA278, GLY279, TRP216, GLU217, ASP212, ILE276, THR277, THR255"
0129_20,"ALA299, TYR300, GLY301, TRP216, ILE307, ILE276, CYS308, ALA278, ALA213, ASP212, GLY279, THR255"
0067_27,"ALA299, TYR300, GLY301, ILE307, ASP212, ALA213, ALA278, GLY279, TRP216, ILE276, CYS308, THR255"
0076_14,"ILE170, TYR171, THR172, PRO302, THR303, LYS175, THR177, GLU304, SER210, ASP212, PHE211"
0493_26,"LEU256, PRO257, TYR260, ILE231, ILE236, GLY301, PHE206, ALA207, PRO302, THR303, PHE242, ILE307, ASP212, ALA213, ALA278, GLY279, TRP216, THR255"
0574_28,"LEU256, PRO257, TYR260, SER491, ASN492, ILE236, PHE206, ALA207, SER208, PHE211, ALA213, ALA278, GLY279, THR255"
0796_18,"ILE77, MET79, GLU80, LYS81, SER82, LEU85, PHE86, ILE89, TYR99, PRO101, ILE102, ASP103, ILE104, GLU105, ALA167, TYR168, VAL169, ILE170, THR177, LEU179, GLU180, GLY183, ILE184, ASN186, LEU187, LYS188, PHE190, PHE191, SER194, LEU195, GLN205, PHE206, ALA207, SER208, ILE209, SER210, PHE211, ASP212, SER214, VAL215, TRP216, MET218, PHE219, MET220, LEU223, THR224, ILE230, ILE231, LYS233, ILE236, ILE297, ALA299, THR303, GLU304, THR305, THR306, ILE307, CYS308, ALA309, THR310, THR311, TRP312, VAL313, GLY326, PRO328, ILE329, GLN330, ASN331, THR332, GLN333, ILE334, ILE354, GLY355, GLY358, LEU359, TYR386, ILE400"
0754_36,"ALA167, TYR168, VAL169, ILE170, TYR171, ASN173, THR303, THR177, THR306, LEU179, ILE307, GLU180, ILE184, ILE209, SER210, PHE211, ASP212, SER214, VAL215, ILE89, TYR99, PRO101, ILE102, ASP103, TYR106, ARG110, ILE114, PRO501, GLU502"
0076_27,"ALA299, GLY301, ILE307, CYS308, ALA213, ALA278, ILE276, TRP216, THR255"
0377_9,"ALA299, TYR300, GLY301, ILE307, ALA278, GLY279, SER280"
0281_4,"TYR168, ILE170, THR303, THR177, THR306, LEU179, ASP212, ILE307, VAL215"
0325_26,"LEU256, PRO257, TYR260, PHE206, ALA207, SER208, PHE211, ALA213, ALA278, GLY279, GLU217, THR255"
0034_21,"LEU256, PRO257, TYR260, PHE206, ALA207, SER208, PHE211, ALA213, ALA278, GLY279, THR255"
0458_13,"LEU256, PRO257, TYR260, PHE206, ALA207, SER208, PHE211, ALA213, ALA278, GLY279, THR255"
0384_11,"ILE170, TYR171, THR172, PRO174, THR303, LYS175, THR177, SER210, PHE211, ASP212"
0034_14,"TYR168, ALA360, ILE170, THR303, THR177, THR306, ILE307, ASP212, LEU179, VAL215"
0000_35,"ILE170, THR172, ASN173, LYS175, THR177, SER210, PHE211, ASP212, ALA213, TRP216, THR255, ILE276, THR277, ALA278, GLY279, SER280, ALA281, THR282, ASN298, ALA299, TYR300, GLY301, PRO302, THR303, GLU304, THR305, ILE307, CYS308, ALA309, THR310, SER322, VAL323, PRO324, ILE325, ILE334, LEU352, CYS353, ILE354, LEU359, ALA360, GLY362, TYR363, LEU369, THR370, LYS373, PHE374, LYS384, LEU385, TYR386, LYS387, THR388, ASP390, GLN391, ALA392, ILE400, TYR402, ASN408, GLN409, VAL410, LYS411, ILE412, ARG413, GLY414, HIS415, ARG416, VAL417, GLU418, LEU419, GLU421, VAL422, ILE425, VAL437, SER438, VAL439, PRO447, TYR448, LEU449, GLU471, LEU472, PRO473, TYR475, MET476, ILE477, PRO478, SER479, ARG497"
0325_43,"ALA167, TYR168, ILE297, ILE170, VAL169, THR303, THR177, THR306, ILE307, LEU179, CYS308, GLU180, THR311, ILE184, VAL313, GLY183, LEU187, LYS188, PHE190, PHE191, SER194, LEU195, ALA327, PRO328, ILE329, ILE77, GLN205, ALA207, MET79, ILE209, LYS81, PHE211, ASP212, SER210, SER214, VAL215, TRP216, LEU85, SER82, PHE219, MET220, MET218, ILE89, PHE86, TYR99, PRO101, ILE102, ILE230"
0000_23,"LEU256, PRO257, THR255, TYR260, ILE236, GLY204, PHE206, ALA207, SER208, PHE211, ALA213, ALA278, GLU217, ARG413, GLY414, HIS415"
0058_19,"TYR402, ILE276, THR277, ALA278, GLY279, SER280, ALA281, THR282, ASN298, ALA299, TYR300, GLY301, PRO302, THR303, ILE307, CYS308, VAL323, PRO324, ILE325, ASP212, ALA213, TRP216, THR255"
0796_5,"LEU256, PRO257, PHE206, ALA207, ALA213, ALA278, THR255"
0018_30,"ILE102, MET79, GLU80, SER82, PHE211, ALA167, TYR168, ILE41, VAL42, ILE170, CYS43, VAL169, THR303, THR305, THR306, ILE307, CYS308, LEU179, THR177, GLY183, ILE184, ALA309, ASN186, LEU187, LYS188, GLU180, PHE190, PHE191, ILE329, GLN330, ILE203, THR332, GLN205, PHE206, ALA207, SER208, ILE209, LYS81, ILE83, ASP212, LEU85, PHE86, VAL215, TRP216, ILE89, MET218, PHE219, MET220, SER214, GLU217, ILE354, GLY355, LEU228, PRO101, GLY358, ILE231, ASP103, LYS233, GLU105, LEU359, ILE236, ILE104, TYR229, ILE230, TYR99"
0129_17,"LEU256, PRO257, TYR260, ILE236, PHE206, ALA207, PHE211, ALA213, ALA278, GLY279, THR255"
0587_23,"TYR99, PRO101, ALA167, TYR168, VAL169, ILE170, THR303, ILE209, THR306, LEU179, PHE211, GLU180, ASP212, VAL215, ILE184, THR177, SER210, ILE307"
0008_20,"LEU256, PRO257, TYR260, PHE206, ALA207, ALA213, ALA278, GLY279, THR255"
0440_16,"LEU256, PRO257, TYR260, PHE206, ALA207, ALA213, ALA278, GLY279, THR255"
0083_38,"ASP390, TYR402, ILE276, GLY404, ALA278, GLY279, SER280, ALA281, THR282, ARG405, ASN298, ALA299, TYR300, GLY301, PRO302, THR303, ILE307, CYS308, VAL323, PRO324, ILE325, ASP212, ALA213, TRP216, THR255"
0574_36,"ILE276, ALA167, TYR168, VAL169, ILE170, TYR171, THR303, THR177, THR306, ILE307, LEU179, GLU180, CYS308, GLY183, ILE184, ASN186, LEU187, LYS188, PHE190, PHE191, LEU195, ILE329, GLN330, THR332, ILE209, SER210, PHE211, ASP212, SER214, VAL215, TRP216, ILE89, MET218, PHE219, MET220, TYR99, PRO101, GLY358"
0493_23,"ALA167, TYR168, VAL169, ILE170, THR303, THR177, THR306, ILE307, CYS308, GLU180, LEU179, GLY183, ILE184, LEU187, LYS188, PHE190, PHE191, ILE209, SER210, PHE211, ASP212, SER214, VAL215, TRP216, ILE89, PHE219, MET220, TYR99, PRO101"
0067_30,"ALA167, TYR168, VAL169, ILE170, THR303, THR177, THR306, LEU179, ILE307, GLU180, CYS308, ILE184, LEU187, LYS188, PHE190, PHE191, ILE209, PHE211, ASP212, SER214, VAL215, TRP216, ILE89, PHE219, MET220, TYR99, PRO101"
0083_36,"ILE276, ALA167, TYR168, VAL169, ILE170, THR303, THR305, THR306, ILE307, CYS308, GLU180, LEU179, GLY183, ILE184, THR177, ASN186, LEU187, PHE190, PHE191, LEU195, ILE329, GLN330, THR332, ILE209, PHE211, ASP212, VAL215, TRP216, PHE219, MET220, TYR99, PRO101, GLY358"
0058_15,"LEU256, PRO257, TYR260, PHE206, ALA207, ILE276, ALA213, ALA278, GLY279, THR255"
0131_28,"LYS81, ALA167, TYR168, VAL169, ILE170, TYR171, THR303, THR177, THR306, ILE307, LEU179, GLU180, ILE184, LEU187, LYS188, PHE191, GLN205, ALA207, ILE209, SER210, PHE211, SER82, ASP212, LEU85, PHE86, VAL215, TRP216, ILE89, MET218, MET220, PHE219, SER214, LEU223, TYR99, PRO101, ILE102, ASP103, ILE230, ILE231, TYR106, ARG110, ILE111, ILE114"
0377_16,"LEU256, PRO257, TYR260, GLY204, PHE206, ALA207, ALA213, ALA278, GLY279, GLU217, THR255"
0285_37,"TYR402, ILE276, THR277, ALA278, GLY279, SER280, ALA281, THR282, ASN298, ALA299, TYR300, GLY301, THR303, ILE307, CYS308, SER322, VAL323, PRO324, ILE325, ASP212, ALA213, TRP216, THR255"
0018_17,"LEU256, PRO257, TYR260, PHE206, ALA207, ALA213, ALA278, THR255"
0285_15,"LEU256, PRO257, TYR260, PHE206, ALA207, ALA213, ALA278, THR255"
0341_11,"LEU256, PRO257, TYR260, PHE206, ALA207, ALA213, ALA278, THR255"
0534_19,"LEU256, PRO257, TYR260, PHE206, ALA207, ALA213, ALA278, THR255"
0815_7,"LEU256, PRO257, TYR260, PHE206, ALA207, ALA213, ALA278, THR255"
0002_16,"LEU256, PRO257, TYR260, ILE236, PHE206, ALA207, ALA213, ALA278, GLY279, THR255"
0384_26,"LEU256, PRO257, TYR260, ILE236, PHE206, ALA207, ALA213, ALA278, GLY279, THR255"
0554_16,"LEU256, PRO257, TYR260, ILE236, PHE206, ALA207, ALA213, ALA278, GLY279, THR255"
0587_41,"VAL42, GLU44, ILE77, MET79, GLU80, LYS81, SER82, LEU85, PHE86, ILE89, TYR99, PRO101, ILE102, ASP103, ILE104, GLU105, TYR168, GLY204, GLN205, PHE206, ALA207, SER208, ILE209, SER210, PHE211, ASP212, ALA213, SER214, VAL215, TRP216, MET218, TYR229, ILE230, ILE231, LEU232, LYS233, THR235, ILE236, ASN237, PHE239, VAL240, PHE242, GLU243, TYR245, ILE246, LYS249, ILE251, ILE254, THR255, LEU256, PRO257, THR259, TYR260, VAL261, HIS263, LEU264, ASP265, PRO266, ARG268, ILE269, ILE272, LEU275, ILE276, THR277, ALA278, GLY279, SER280, TRP290, LYS293, VAL294, ALA299, GLY301, ILE307, CYS308, LEU489, THR490, SER491, ASN492, GLY493"
0019_31,"ALA167, TYR168, VAL169, ILE170, THR303, GLU304, THR305, THR306, ILE307, CYS308, ALA309, THR177, GLY183, LEU179, ILE184, ASN186, LEU187, GLU180, LYS188, PHE190, PHE191, ILE329, GLN330, THR332, PHE211, ASP212, VAL215, TRP216, PHE219, MET220, ILE354, GLY355, TYR99, PRO101, GLY358, LEU359"
0058_13,"TYR99, PRO101, TYR168, VAL169, ILE170, ILE209, SER210, PHE211, ASP212, SER214, VAL215, ILE89, MET218"
0001_23,"LEU256, PRO257, TYR260, GLY204, PHE206, ALA207, ALA213, ALA278, GLU217, THR255"
0241_17,"LEU256, PRO257, TYR260, ILE236, GLY204, PHE206, ALA207, ALA213, ALA278, GLY279, GLU217, THR255"
0190_28,"ALA167, TYR168, ILE170, THR303, THR177, THR306, ILE307, CYS308, LEU179, GLU180, GLY183, ILE184, LEU187, LYS188, PHE190, PHE191, ASP212, VAL215, TRP216, PHE219, MET220"
0815_36,"ALA167, TYR168, VAL169, ILE170, THR303, THR177, THR306, LEU179, ILE307, GLU180, LYS182, GLY183, ILE184, CYS308, LEU187, PHE190, PHE191, LEU195, ASP212, VAL215, TRP216, PHE219, MET220, GLY358, LEU359, ALA360"
0281_15,"TYR99, PRO101, TYR168, VAL169, ILE170, ILE209, PHE211, ASP212, SER214, VAL215, ILE89"
0554_17,"TYR99, PRO101, TYR168, VAL169, ILE170, ILE209, PHE211, ASP212, SER214, VAL215, ILE89"
0815_23,"TYR99, PRO101, TYR168, VAL169, ILE170, ILE209, PHE211, ASP212, SER214, VAL215, ILE89"
0873_14,"TYR99, PRO101, TYR168, VAL169, ILE170, ILE209, SER210, PHE211, ASP212, VAL215, ILE89"
0083_21,"LEU256, PRO257, TYR260, ILE236, PHE206, ALA207, ALA213, ALA278, THR255"
0233_21,"LEU256, PRO257, TYR260, ILE236, PHE206, ALA207, ALA213, ALA278, THR255"
0873_31,"LEU256, PRO257, THR259, TYR260, VAL261, HIS263, LEU264, ASP265, ILE269, ILE276, ALA278, GLY279, GLY414, HIS415, ARG416, VAL417, ALA299, GLY301, ILE307, CYS308, PHE206, ALA207, SER208, PHE211, ASP212, ALA213, TRP216, ILE236, ASN237, PHE239, PHE242, GLU243, ILE246, ILE254, THR255"
0534_34,"ALA207, SER208, SER210, ALA167, TYR168, ILE41, ILE170, VAL42, CYS43, VAL169, THR303, THR177, THR306, LEU179, ILE307, CYS308, GLU180, GLY183, ILE184, LEU187, LYS188, PHE191, GLN205, ILE77, MET79, GLU80, LYS81, PHE206, SER82, ASP212, LEU85, PHE86, VAL215, TRP216, PHE211, ILE209, ILE83, PHE219, MET218, ILE89, SER214, MET220, LEU223, TYR99, LEU228, PRO101, ILE230, ILE231, ILE104, GLU105, LYS233, ASP103, ILE236, ILE102"
0000_32,"TYR386, GLU180, ALA309, ALA167, TYR168, ILE297, ILE170, THR303, GLU304, THR305, THR306, LEU179, CYS308, ILE307, THR310, THR311, TRP312, VAL313, ASN186, LEU187, GLY183, ILE184, PHE190, PHE191, LYS188, SER194, LEU195, ILE329, GLN330, THR332, ASP212, VAL215, TRP216, PHE219, MET220, ILE354, GLY355, GLU357, GLY358, LEU359, ALA360, THR177"
0241_31,"TYR386, GLN273, THR274, LEU275, ILE276, ALA167, THR295, TYR296, ILE170, TYR168, ILE297, THR303, GLU304, THR177, THR306, LEU179, GLU180, ILE307, CYS308, GLY183, ILE184, THR311, ASN186, LEU187, VAL313, ALA309, PHE190, PHE191, SER194, LEU195, ASN196, VAL197, ALA327, PRO328, ASP201, GLN330, ASN331, THR332, ILE329, ILE203, GLY204, ILE334, GLN333, ASP212, ALA213, VAL215, TRP216, GLU217, PHE219, MET220, ILE354, GLY355, GLU357, GLY358, LEU359, THR305, THR252, VAL253, ILE254, THR255"
0384_19,"ALA167, TYR168, THR303, THR306, ILE307, LEU179, GLU180, GLY183, ILE184, LEU187, LYS188, ASP212, VAL215, TRP216, PHE219, MET220, LEU223, GLY358, LEU359, ALA360"
0190_21,"TYR168, VAL169, ILE170, TYR171, ILE209, SER210, PHE211, ASP212, SER214, VAL215, ILE89, MET218, TYR99, PRO101, ILE102, ASP103, TYR106, ARG110, ILE111, ILE114"
0341_40,"ALA207, GLU80, LYS81, PHE211, ALA167, TYR168, ILE41, ILE170, VAL169, GLU44, CYS43, VAL42, THR303, THR177, THR306, LEU179, ILE307, CYS308, GLU180, ILE184, LEU187, LYS188, PHE190, PHE191, ILE77, PHE206, MET79, SER208, ILE209, GLN205, SER82, ILE83, LEU85, SER214, VAL215, PHE86, ILE89, MET218, PHE219, ASP212, TRP216, MET220, LEU223, TYR99, LEU228, PRO101, ILE102, ASP103, ILE231, LYS233, GLU105, ILE104, ILE236, ILE230, LEU232"
0873_30,"TYR386, ILE276, ILE24, HIS25, THR310, LEU27, PHE28, ALA167, TYR168, ILE297, ILE170, ALA299, THR303, THR177, THR306, ILE307, LEU179, GLU180, CYS308, GLY183, ILE184, SER185, ASN186, LEU187, LYS188, ALA309, PHE190, PHE191, THR311, SER194, LEU195, PRO328, GLN330, THR332, GLN333, ILE334, ASP212, PHE86, VAL215, TRP216, ILE89, LEU90, PHE219, MET220, LEU93, LEU222, LEU223, MET218, ILE354, GLY355, TYR99, GLY358, LEU359, ALA360, THR305"
0440_20,"ALA167, TYR168, ILE170, THR303, THR177, THR306, ILE307, CYS308, LEU179, GLU180, GLY183, ILE184, THR305, ASN186, LEU187, LYS188, PHE190, PHE191, ILE329, GLN330, THR332, ASP212, VAL215, TRP216, PHE219, MET220, LEU223, GLU357, GLY358"
0754_13,"LYS384, LEU385, TYR386, ILE170, THR172, PRO302, THR303, GLU304, THR177, LYS175, SER210, PHE211, ASP212, LEU359, ALA360, GLY362, TYR363, ASP496, LEU369, LYS498, GLN499, THR370, LYS373, PHE374"
0002_28,"ASP390, GLN273, THR274, TYR402, GLY404, THR277, ALA278, GLY279, SER280, ALA281, THR282, LEU403, ILE276, THR295, TYR296, ILE297, ASN298, ALA299, TYR300, GLY301, THR303, ILE307, CYS308, THR310, THR311, VAL313, PHE190, PHE191, HIS321, SER194, VAL323, ASN196, VAL197, LEU195, ILE325, PRO324, ASP201, ILE329, ILE203, GLY204, PHE206, ALA207, ASP212, ALA213, SER322, TRP216, GLU217, MET220, THR252, VAL253, ILE254, THR255"
0754_32,"ILE102, THR259, TYR260, HIS263, PHE206, MET79, ILE41, VAL42, PHE453, VAL454, SER455, GLU456, LYS457, HIS458, ILE459, GLY204, ILE203, GLN205, ALA207, SER208, LYS81, SER82, ILE209, ILE77, LEU85, PHE86, SER214, ILE83, ILE89, MET218, GLU217, GLN483, LEU228, ASP485, ILE230, ILE231, ILE104, LYS233, GLU105, LEU484, ILE236, ASN237, ASP103, PHE239, PRO101"
0440_29,"TYR402, ILE276, THR277, ALA278, GLY279, SER280, ALA281, THR282, SER283, PRO284, ASN298, ALA299, TYR300, GLY301, ILE307, CYS308, HIS321, SER322, VAL323, PRO324, ILE325, ASP212, ALA213, TRP216, ASN492, GLY493, LYS494, THR255"
0034_31,"ALA309, ALA167, TYR168, ILE297, ALA299, THR306, ILE307, CYS308, LEU179, THR310, THR311, TRP312, VAL313, GLU180, LEU187, ILE184, GLY183, PHE190, PHE191, LYS188, SER194, LEU195, ALA327, PRO328, ILE329, VAL215, TRP216, PHE219, MET220"
0083_33,"PRO107, GLU109, ARG110, PRO174, TYR113, LYS411, ILE412, ARG413, GLY414, PRO447"
0034_26,"TYR99, PRO101, ILE102, TYR168, VAL169, ILE170, ILE77, MET79, ILE209, SER210, PHE211, ASP212, LEU85, SER214, VAL215, ILE89, MET218"
0002_24,"TYR386, ILE276, THR23, ILE24, HIS25, GLY183, LEU27, PHE28, THR310, SER161, LYS162, ASP165, LEU166, ALA167, TYR168, VAL169, ILE170, THR303, GLU304, PHE86, THR306, ILE307, CYS308, LEU179, THR305, HIS181, ILE184, SER185, THR177, LEU187, LYS188, GLU180, ALA309, PHE191, PHE190, ASN186, LEU195, PRO328, ILE329, GLN330, THR332, GLN333, ILE334, ILE209, PHE211, ASP212, SER214, VAL215, TRP216, ILE89, MET218, PHE219, LEU90, MET220, LEU222, LEU223, GLY96, GLY97, ILE354, TYR99, LEU93, PRO101, GLY358, LEU359, GLY355, GLY356"
0754_2,"GLY358, LEU359, ALA360, THR303, THR177, THR306, LEU179, MET178, GLU180, GLY183"
0384_38,"GLN205, GLU80, SER210, ALA167, TYR168, ILE41, VAL42, CYS43, ILE170, VAL169, THR303, THR177, LEU179, ILE77, PHE206, ALA207, SER208, ILE209, SER82, ILE83, ASP212, PHE211, SER214, LYS81, MET79, ILE89, MET218, LEU85, PHE86, VAL215, TYR99, LEU228, PRO101, ILE230, ILE231, ALA360, LYS233, ASP103, ILE102, ILE236, ASN237, ILE104, GLU105"
0067_1,"GLY358, LEU359, ALA360, THR303, THR306, LEU179, GLU180, GLY183"
0131_1,"GLY358, LEU359, ALA360, THR303, THR306, LEU179, GLU180, GLY183"
0458_2,"GLY358, LEU359, ALA360, THR303, THR306, LEU179, GLU180, GLY183"
0534_3,"GLY358, LEU359, ALA360, THR303, THR306, LEU179, GLU180, GLY183"
0554_2,"GLY358, LEU359, ALA360, THR303, THR306, LEU179, GLU180, GLY183"
0873_3,"GLY358, LEU359, ALA360, THR303, THR306, LEU179, GLU180, GLY183"
0008_29,"ALA167, TYR168, THR305, THR306, ILE307, CYS308, GLU180, LEU179, GLY183, ILE184, HIS181, ASN186, LEU187, PHE190, PHE191, LEU195, ILE329, GLN330, THR332, VAL215, TRP216, PHE219, MET220, GLU357, GLY358"
0129_30,"GLU180, ALA16, GLU17, THR274, TRP312, THR295, TYR168, ILE297, ILE170, TYR296, ALA167, THR303, THR305, THR306, ILE307, CYS308, LEU179, THR177, GLY183, ILE184, THR311, ASN186, LEU187, LYS188, VAL189, PHE190, PHE191, VAL313, ASN193, SER194, LEU195, ALA327, ILE329, GLN330, THR332, ASP212, VAL215, TRP216, PHE219, MET220, LEU223, THR224, GLY358"
0058_24,"ILE24, ALA167, TYR168, THR306, ILE307, LEU179, CYS308, GLU180, THR311, ILE184, GLY183, HIS181, LEU187, LYS188, PHE190, PHE191, SER194, LEU195, ILE329, VAL215, TRP216, PHE219, MET220"
0008_12,"ARG416, VAL417, PRO473, TYR475, MET476, ILE412, HIS415"
0815_18,"ARG416, VAL417, PRO473, ILE412, TYR475, MET476, HIS415"
0076_28,"LEU256, PRO257, TYR260, ILE231, THR235, ILE236, PHE206, ALA207, PHE242, ALA213, ALA278, GLU217, THR255"
0587_7,"TYR386, GLU304, THR305, THR306, ILE307, CYS308, ALA309, GLY183, ILE184, ASN186, LEU187, LYS188, PHE190, PHE191, ILE329, GLN330, THR332, VAL215, TRP216, PHE219, MET220, ILE354, GLY355, GLY356, GLU357, GLY358, LEU359"
0067_13,"PRO101, ILE102, ASP103, TYR106, TYR171, ARG110, ILE111, ILE114, SER210, HIS443"
0018_12,"VAL323, PRO324, ILE325, ASN298, ALA299, TYR300, GLY301, TYR402, THR277, ALA278, GLY279, SER280, ALA281, THR282"
0083_13,"ARG416, VAL417, GLU418, LEU419, GLU420, TYR171, THR172, ASN173, PRO174, ASN408, GLN409, VAL410, LYS411"
0579_3,"VAL323, PRO324, ILE325, ASN298, ALA299, TYR300, GLY301, THR277, GLY279, SER280, ALA281, THR282"
0796_26,"GLN273, TYR402, THR274, ILE276, THR277, ALA278, GLY279, SER280, ALA281, THR282, LEU275, VAL294, THR295, TYR296, ILE297, ASN298, ALA299, TYR300, GLY301, THR303, ILE307, CYS308, VAL313, ALA314, PHE191, SER194, VAL323, PRO324, ILE325, LEU195, ASN196, VAL197, ASP201, ILE203, GLY204, ASP212, ALA213, TRP216, GLU217, MET220, ALA221, ALA226, THR252, VAL253, ILE254, THR255"
0281_24,"ALA167, TYR168, THR306, ILE307, CYS308, LEU179, GLU180, GLY183, ILE184, ASN186, LEU187, LYS188, PHE190, PHE191, LEU195, ILE329, GLN330, THR332, VAL215, TRP216, PHE219, MET220, LEU223, GLY358"
0034_4,"GLU357, GLY358, LEU359, ALA360, THR303, THR306, LEU179, GLU180, GLY183"
0076_3,"GLU357, GLY358, LEU359, ALA360, THR303, THR306, LEU179, GLU180, GLY183"
0341_2,"GLU357, GLY358, LEU359, ALA360, THR303, THR306, LEU179, GLU180, GLY183"
0067_7,"TYR386, LYS387, THR388, PRO302, GLU304, THR305, THR306, CYS308, ALA309, GLY183, ASN186, LEU187, PHE190, ILE329, GLN330, THR332, ILE354, GLY355, GLY358, LEU359, LYS373"
0534_27,"TYR386, LYS387, THR388, ASP390, GLN391, ALA392, ILE400, TYR402, GLY279, TYR300, GLY301, PRO302, GLU304, THR305, THR306, CYS308, ALA309, THR310, GLY183, ASN186, LEU187, PHE190, ILE325, ILE329, GLN330, ASN331, THR332, GLN333, ILE334, LEU352, CYS353, ILE354, GLY355, GLY358, LEU359, LYS373"
0008_33,"PHE144, ALA207, PRO19, LYS22, THR23, ILE24, SER208, HIS25, LEU27, LYS81, SER82, PHE28, ALA167, TYR168, VAL169, ILE170, TYR171, THR303, THR177, MET178, LEU179, GLU180, THR306, LYS182, GLY183, ILE184, SER185, PHE86, LYS188, VAL75, GLY76, GLN205, ILE77, MET79, GLU80, ILE209, SER210, PHE211, ASP84, LEU85, SER214, VAL215, GLY88, ILE89, GLU217, ASP212, VAL92, LEU93, LEU222, LEU223, PHE219, MET218, LEU90, TYR99, VAL100, PRO101, GLY358, LEU359, ILE102, ASP103, ALA360, ILE230, ILE231, LEU124, THR125, GLN126"
0008_10,"VAL323, PRO324, ILE325, ASN298, ALA299, TYR300, GLY301, TYR402, THR277, GLY279, SER280, ALA281, THR282"
0233_6,"VAL323, PRO324, ILE325, ASN298, ALA299, TYR300, GLY301, TYR402, THR277, GLY279, SER280, ALA281, THR282"
0241_7,"VAL323, PRO324, ILE325, ASN298, ALA299, TYR300, GLY301, TYR402, THR277, GLY279, SER280, ALA281, THR282"
0384_8,"VAL323, PRO324, ILE325, ASN298, ALA299, TYR300, GLY301, TYR402, THR277, GLY279, SER280, ALA281, THR282"
0458_26,"TYR386, ILE276, ILE297, ALA299, GLU304, THR305, THR306, CYS308, ALA309, THR310, THR311, TRP312, VAL313, ASN186, LEU187, GLY183, PHE190, PHE191, SER194, LEU195, ILE329, GLN330, THR332, MET220, ILE354, GLY355, GLY356, GLU357, GLY358, LEU359"
0021_21,"LYS384, LEU385, TYR386, LYS387, THR388, ASP390, GLN391, ALA392, ILE400, TYR402, TYR300, GLY301, PRO302, LYS175, GLU304, THR177, THR305, ALA309, THR310, ILE325, GLN333, ILE334, LEU352, CYS353, ILE354, LEU359, ALA360, ARG361, GLY362, TYR363, LEU369, THR370, LYS373, PHE374"
0574_20,"LYS384, TYR386, LYS387, ASN173, PRO302, LYS175, GLY176, THR177, GLU304, PRO174, THR303, LEU359, ALA360, GLY362, TYR363, LEU369, THR370, LYS373, PHE374"
0458_35,"ILE24, HIS25, LEU27, PHE28, ALA167, TYR168, ILE170, THR303, THR177, THR306, LEU179, ILE307, HIS181, GLU180, CYS308, ILE184, SER185, LEU187, LYS188, PHE190, PHE191, ASP212, PHE86, VAL215, TRP216, ILE89, MET218, PHE219, MET220, LEU90, LEU222, LEU223, LEU93"
0296_21,"LEU256, PRO257, TYR260, LEU489, THR490, SER491, ILE236, GLY493, PHE206, ALA207, SER208"
0241_28,"PHE206, ALA207, SER210, TYR168, ILE41, VAL42, ILE170, VAL169, ILE77, GLN205, MET79, GLU80, LYS81, ILE209, SER208, PHE211, LEU85, SER214, PHE86, ASP212, VAL215, ILE89, SER82, ILE83, GLU217, MET218, TYR99, LEU228, PRO101, ILE102, ASP103, LEU232, LYS233, ILE230, ILE104, ILE231, GLU105, ILE236"
0000_2,"GLU357, GLY358, LEU359, ALA360, THR303, THR306, LEU179, GLU180, LYS182, GLY183"
0021_5,"GLU357, GLY358, LEU359, ALA360, THR303, THR306, LEU179, GLU180, LYS182, GLY183"
0241_1,"GLU357, GLY358, LEU359, ALA360, THR303, THR306, LEU179, GLU180, LYS182, GLY183"
0493_2,"GLU357, GLY358, LEU359, ALA360, THR303, THR306, LEU179, GLU180, LYS182, GLY183"
0285_14,"ILE24, HIS25, LEU27, PHE28, GLU304, THR305, THR306, ILE307, CYS308, ALA309, GLY183, ILE184, SER185, ASN186, LEU187, LYS188, PHE190, PHE191, ILE329, GLN330, ASN331, THR332, VAL215, TRP216, ILE89, MET218, PHE219, MET220, LEU90, LEU222, LEU223, LEU93, ILE354, GLY355, GLU357, GLY358, LEU359"
0083_10,"LYS384, LEU385, TYR386, LYS387, THR172, ASN173, PRO302, THR303, GLU304, LYS175, THR177, LEU359, ALA360, GLY362, TYR363, LEU369, THR370, LYS373, PHE374"
0296_23,"LYS384, LEU385, TYR386, LEU359, ALA360, GLY362, TYR363, THR172, PRO302, LYS175, GLU304, THR177, THR303, LYS498, THR370, LYS373, PHE374, LEU369"
0034_30,"THR388, GLY389, ASP390, TYR402, LEU403, GLY404, THR277, ARG405, GLY279, ASN408, GLN409, SER280, ALA281, THR282, ASN298, ALA299, TYR300, GLY301, SER322, VAL323, PRO324, ILE325"
0129_25,"TYR386, LYS387, THR388, ASP390, GLN391, ALA392, ILE400, TYR402, GLY404, GLY279, ALA281, TYR300, GLY301, PRO302, GLU304, THR305, ALA309, THR310, ILE325, GLN333, ILE334, LEU352, CYS353, ILE354"
0021_1,"ILE354, GLY355, TYR386, GLY358, LEU359, THR332, GLU304, THR305, CYS308, ALA309"
0129_1,"ILE354, GLY355, TYR386, GLY358, LEU359, THR332, GLU304, THR305, CYS308, ALA309"
0281_1,"ILE354, GLY355, TYR386, GLY358, LEU359, THR332, GLU304, THR305, CYS308, ALA309"
0574_1,"ILE354, GLY355, TYR386, GLY358, LEU359, THR332, GLU304, THR305, CYS308, ALA309"
0083_18,"PRO107, LYS108, GLU109, GLN444, GLU445, ARG413, GLN446, PRO447"
0587_32,"VAL323, PRO324, ILE325, ASP390, ASN298, ALA299, TYR300, GLY301, TYR402, LEU403, GLY404, THR277, GLY279, SER280, ALA281, THR282"
0058_12,"LYS384, LEU385, TYR386, LEU359, ALA360, GLY362, TYR363, THR172, PRO302, LYS175, GLU304, THR177, THR370, LEU369, THR303, LYS373, PHE374, GLY176"
0067_31,"ILE102, ILE231, LEU232, LYS233, GLU105, ASP103, ILE104, PHE206, ALA207, SER208, LYS81, ILE209, MET79, GLU80, HIS443, LEU85, PHE507"
0021_33,"VAL169, TYR171, PRO174, GLY176, LEU74, SER208, SER210, VAL100, PRO101, ILE102, ASP103, LEU489, THR490, GLU105, TRP364, GLY493, ARG110, SER491, TYR106, TYR113, ILE114, ILE111, ASP117, SER118"
0579_24,"LYS384, TYR386, LYS387, LEU359, ALA360, GLY362, TYR363, THR172, PRO302, LYS175, GLU304, LEU369, THR370, THR177, THR303, LYS373, PHE374"
0873_27,"HIS263, ARG416, VAL417, GLU418, LEU419, VAL422, VAL437, SER438, VAL439, PRO447, TYR448, LEU449, PHE206, ALA207, SER208, LYS81, PRO473, THR474, TYR475, MET476, ILE477, SER479, ILE231, LYS233, ILE236, ASN237, ASP238, PHE239, VAL240"
0554_31,"TYR386, LYS387, THR388, ASP390, GLN391, ALA392, ILE400, TYR402, LEU403, GLY404, THR277, GLY279, SER280, ALA281, THR282, ASN298, ALA299, TYR300, GLY301, PRO302, GLU304, THR305, ALA309, THR310, HIS321, SER322, VAL323, PRO324, ILE325, GLY326, ALA327, PRO328, ILE334, LEU352, ILE354"
0008_34,"GLN273, THR274, LEU275, ILE276, ALA278, GLY279, THR295, TYR296, ILE297, ALA299, GLY301, PRO302, THR303, ILE307, CYS308, THR310, THR311, TRP312, VAL313, PHE190, PHE191, SER194, LEU195, ASN196, VAL197, THR198, LYS200, ILE329, ASP201, ILE203, GLY204, ASP212, ALA213, TRP216, GLU217, MET220, ALA221, ALA226, THR252, VAL253, ILE254, THR255"
0754_28,"TYR386, LYS387, THR388, ASP390, GLN391, LEU8, ARG393, TRP394, VAL11, ASN12, ALA392, GLY398, ASN399, ILE400, GLU401, TYR402, ILE297, ALA299, PRO302, GLU304, THR305, THR306, ILE307, CYS308, ALA309, THR310, THR311, GLY183, ILE184, ASN186, LEU187, LYS188, PHE190, PHE191, SER194, LEU195, ILE325, GLY326, ALA327, PRO328, ILE329, GLN330, ASN331, THR332, GLN333, ILE334, TYR335, ILE336, VAL215, LYS344, TRP216, PHE219, MET220, LEU223, LEU352, CYS353, ILE354, GLY355, GLU357, GLY358, LEU359, THR490, SER491, ASN492, LYS494"
0034_16,"LYS384, LEU385, TYR386, LYS387, THR172, PRO302, LYS175, GLU304, THR177, THR303, GLY176, LEU359, ALA360, GLY362, TYR363, LEU369, THR370, LYS373, PHE374"
0554_12,"LYS384, LEU385, TYR386, LYS387, THR172, PRO302, THR303, GLU304, THR177, LYS175, GLY176, LEU359, ALA360, GLY362, TYR363, LEU369, THR370, LYS373, PHE374"
0129_7,"VAL323, PRO324, ILE325, ASN298, ALA299, TYR300, TYR402, THR277, GLY279, SER280, ALA281, THR282"
0001_27,"TYR386, LYS387, THR388, ASP390, ALA392, ILE400, TYR402, TYR300, GLY301, PRO302, GLU304, THR305, ALA309, THR310, ILE325, ILE334, LEU352, CYS353, ILE354"
0034_28,"TYR386, LYS387, THR388, ASP390, ALA392, ILE400, TYR402, TYR300, GLY301, PRO302, GLU304, THR305, ALA309, THR310, ILE325, ILE334, LEU352, CYS353, ILE354"
0377_25,"TYR386, LYS387, THR388, ASP390, ALA392, ILE400, TYR402, TYR300, GLY301, PRO302, GLU304, THR305, ALA309, THR310, ILE325, ILE334, LEU352, CYS353, ILE354"
0241_14,"LYS384, LEU385, TYR386, THR172, PRO302, THR303, GLU304, THR177, LYS175, GLY176, LEU359, ALA360, ARG361, GLY362, TYR363, LEU369, THR370, LYS373, PHE374"
0285_22,"LYS384, LEU385, TYR386, THR172, PRO302, LYS175, GLU304, THR177, GLY176, THR303, LEU359, ALA360, ARG361, GLY362, TYR363, LEU369, THR370, LYS373, PHE374"
0076_21,"GLU357, GLY358, ILE329, GLN330, THR332, THR306, ILE307, CYS308, GLY183, TRP216, ASN186, LEU187, PHE190"
0377_18,"LYS384, LEU385, TYR386, LEU359, ALA360, GLY362, TYR363, THR172, PRO302, THR303, GLU304, THR177, LEU369, LYS175, THR370, LYS373, PHE374"
0001_14,"LYS384, LEU385, TYR386, LEU359, ALA360, GLY362, TYR363, THR172, PRO302, THR303, GLU304, THR177, THR370, LEU369, LYS175, LYS373, PHE374"
0815_10,"LYS384, LEU385, TYR386, LEU359, ALA360, GLY362, TYR363, THR172, PRO302, THR303, GLU304, THR177, THR370, LYS175, LEU369, LYS373, PHE374"
0534_10,"VAL323, PRO324, ILE325, ASN298, ALA299, ASN492, TYR300, GLY301, GLY493, TYR402, THR277, GLY279, SER280, ALA281, THR282"
0001_35,"ILE24, HIS25, LEU27, PHE28, ILE41, VAL42, CYS43, LEU60, ILE63, PHE64, LYS67, GLY68, ILE69, THR73, LEU74, VAL75, GLY76, ILE77, MET79, GLU80, LYS81, SER82, ILE83, ASP84, LEU85, PHE86, GLY88, ILE89, LEU90, ALA91, VAL92, LEU93, GLY97, TYR99, PRO101, ILE102, ASP103, ARG121, MET122, LEU123, LEU124, THR125, GLN126, GLN140, GLU142, ILE143, PHE144, ALA167, TYR168, VAL169, ILE170, THR177, MET178, LEU179, GLU180, LYS182, GLY183, ILE184, SER185, ASN186, LEU187, LYS188, PHE190, PHE191, LEU195, GLN205, ALA207, SER208, ILE209, SER210, PHE211, ASP212, SER214, VAL215, TRP216, MET218, PHE219, MET220, LEU222, LEU223, LEU228, ILE230, ILE231, ILE276, THR303, THR305, THR306, ILE307, CYS308, ILE329, GLN330, THR332, GLU357, GLY358, LEU359, ALA360"
0129_11,"LYS384, LEU385, TYR386, LEU359, ALA360, GLY362, TYR363, ASN173, PRO302, THR303, GLU304, THR177, THR370, LYS175, LEU369, LYS373, PHE374"
0587_26,"GLN446, HIS415, TYR475, GLU445, ARG413, GLY414, PRO447"
0458_25,"LYS384, LEU385, TYR386, LYS387, THR172, PRO302, THR303, LYS175, THR177, GLU304, ILE354, LEU359, ALA360, GLY362, TYR363, LEU369, THR370, LYS373, PHE374"
0233_1,"TYR386, GLY355, ILE354, GLU357, LEU359, THR332, GLU304, THR305, CYS308, ALA309"
0233_17,"LYS384, LEU385, TYR386, LYS387, LEU359, ALA360, GLY362, TYR363, THR172, PRO302, THR303, GLU304, THR177, LYS175, THR370, LEU369, LYS373, PHE374"
0493_12,"LYS384, LEU385, TYR386, LYS387, LEU359, ALA360, GLY362, TYR363, THR172, PRO302, LYS175, GLU304, LEU369, THR370, THR303, THR177, LYS373, PHE374"
0241_22,"TYR386, LYS387, THR388, ASP390, GLN391, ALA392, ILE400, TYR402, TYR300, GLY301, PRO302, GLU304, THR305, ALA309, THR310, ILE325, ILE334, LEU352, CYS353, ILE354, LYS373"
0440_17,"TYR386, LYS387, THR388, ASP390, GLN391, ALA392, ILE400, TYR402, TYR300, GLY301, PRO302, GLU304, THR305, CYS308, ALA309, THR310, ILE325, THR332, GLN333, ILE334, LEU352, CYS353, ILE354, GLY355, GLY356, GLU357, GLY358, LEU359"
0458_29,"TYR386, LYS387, THR388, ASP390, GLN391, ALA392, ILE400, GLU401, TYR402, TYR300, GLY301, PRO302, GLU304, THR305, ALA309, THR310, ILE325, LEU352, CYS353, ILE354"
0076_31,"TYR386, LYS387, THR388, ASP390, GLN391, ALA392, ILE400, TYR402, TYR300, GLY301, PRO302, GLU304, THR305, ALA309, THR310, ILE325, ILE334, LEU352, CYS353, ILE354"
0384_27,"TYR386, LYS387, THR388, ASP390, GLN391, ALA392, ILE400, TYR402, TYR300, GLY301, PRO302, GLU304, THR305, ALA309, THR310, ILE325, ILE334, LEU352, CYS353, ILE354"
0574_31,"TYR386, LYS387, THR388, ASP390, GLN391, ALA392, ILE400, TYR402, TYR300, GLY301, PRO302, GLU304, THR305, ALA309, THR310, ILE325, ILE334, LEU352, CYS353, ILE354"
0384_16,"PRO101, ILE102, ASP103, TYR106, TYR171, THR172, ASN173, ARG110, ILE111, ILE114, SER210"
0019_20,"SER322, VAL323, PRO324, ILE325, ASP390, GLN391, ASN298, ALA299, TYR300, GLY301, TYR402, GLY404, THR277, GLY279, SER280, ALA281, THR282"
0233_31,"LEU60, ILE63, PHE64, LYS67, GLY68, ILE69, THR73, LEU74, VAL75, GLY76, ILE77, MET79, GLU80, LYS81, SER82, ASP84, LEU85, PHE86, GLY88, ILE89, ALA91, VAL92, GLY97, TYR99, PRO101, ILE102, ASP103, ILE104, GLU105, ARG121, MET122, LEU123, LEU124, THR125, GLN126, GLU142, ILE143, PHE144, GLU145, THR148, ILE149, ALA167, TYR168, VAL169, ILE170, THR177, LEU179, GLU180, GLY183, ILE184, ASN186, LEU187, LYS188, PHE190, PHE191, LEU195, GLN205, PHE206, ALA207, SER208, ILE209, SER210, PHE211, ASP212, SER214, VAL215, TRP216, MET218, PHE219, MET220, LEU223, ILE230, ILE231, LYS233, THR303, THR305, THR306, ILE307, CYS308, ILE329, GLN330, THR332, GLU357, GLY358"
0002_20,"TYR386, LYS387, THR388, ASP390, GLN391, ALA392, ILE400, TYR402, GLY404, TYR300, GLY301, PRO302, GLU304, THR305, ALA309, THR310, ILE325, ILE334, LEU352, CYS353, ILE354"
0493_4,"ILE354, GLY355, GLU357, GLY358, LEU359, ILE329, GLN330, THR332, GLU304, THR305, THR306, CYS308, ALA309, GLY183, ASN186, LEU187, PHE190"
0815_35,"TYR386, LYS387, THR388, ASP390, ALA392, ILE400, TYR402, TYR300, GLY301, PRO302, GLU304, THR305, CYS308, ALA309, THR310, ILE325, PRO328, THR332, GLN333, ILE334, LEU352, CYS353, ILE354, GLY355, GLY356, GLU357, LEU359, LYS373"
0296_2,"TYR386, GLY355, ILE354, GLY358, LEU359, ILE329, GLN330, ASN331, THR332, GLU304, THR305, THR306, CYS308, ALA309, GLY183, ASN186, LEU187, PHE190"
0018_26,"SER194, LEU195, ILE297, ILE329, ALA299, CYS308, ILE276, THR310, THR311, TRP216, LEU187, MET220, PHE190, PHE191"
0873_23,"TYR386, LYS387, THR388, ASP390, GLN391, ALA392, ILE400, GLU401, TYR402, TYR300, GLY301, PRO302, GLU304, THR305, ALA309, THR310, ILE325, ILE334, LEU352, CYS353, ILE354, LYS373"
0076_40,"ASP21, LYS22, THR23, ILE24, HIS25, GLN26, LEU27, PHE28, GLU29, GLN31, VAL32, ARG35, ASN38, VAL39, ALA40, ILE41, VAL42, CYS43, TYR50, LEU53, ASN54, ALA57, ASN58, ILE77, MET79, GLU80, LYS81, SER82, ILE83, LEU85, PHE86, ILE89, LEU90, LEU93, LYS94, TYR99, PRO101, ILE102, ASP103, ILE104, GLU105, ASN156, LEU157, VAL159, SER161, ALA167, TYR168, VAL169, ILE170, THR177, LEU179, GLU180, HIS181, GLY183, ILE184, SER185, LEU187, LYS188, PHE190, PHE191, SER194, LEU195, ASN196, VAL197, THR198, LYS200, ASP201, ILE203, GLY204, GLN205, ALA207, ILE209, SER210, PHE211, ASP212, SER214, VAL215, TRP216, GLU217, MET218, PHE219, MET220, ALA221, LEU222, LEU223, GLY225, ALA226, LEU228, ILE230, LYS233, THR252, VAL253, ILE254, THR255, GLN273, THR274, LEU275, ILE276, VAL294, THR295, TYR296, ILE297, ALA299, THR303, THR306, ILE307, THR311, TRP312, VAL313, ALA314"
0285_34,"TYR386, LYS387, THR388, ASP390, GLN391, ALA392, ILE400, TYR402, TYR300, GLY301, PRO302, GLU304, THR305, ALA309, THR310, ILE325, GLN333, ILE334, LEU352, CYS353, ILE354, LYS373"
0034_1,"TYR386, GLU304, THR305, THR306, CYS308, ALA309, THR310, GLY183, ASN186, LEU187, PHE190, ILE329, GLN330, THR332, GLN333, ILE334, ILE354, GLY355, GLY358, LEU359"
0285_39,"PHE144, SER208, SER82, SER210, ASP84, TYR168, VAL169, ILE170, CYS43, VAL42, ILE41, ALA167, THR303, THR177, THR306, LEU179, VAL75, GLY76, GLN205, ILE77, MET79, GLU80, ILE209, ALA207, LYS81, PHE211, ASP212, SER214, VAL215, GLY88, GLU217, MET218, ILE89, ILE83, LEU85, VAL92, PHE86, TYR99, LEU228, PRO101, ILE102, ASP103, ILE104, GLU105, ILE230, LYS233, LEU124, THR125, GLN126"
0190_1,"THR164, GLU357, GLY358, LEU359, ALA360, THR303, THR306, LEU179, GLU180, LYS182, GLY183"
0341_33,"TYR386, LYS387, THR388, ASP390, GLN391, ALA392, ILE400, GLU401, TYR402, TYR300, GLY301, PRO302, GLU304, THR305, ALA309, THR310, ILE325, ILE334, LEU352, CYS353, ILE354"
0325_3,"ILE354, GLY355, TYR386, GLY358, LEU359, THR332, GLU304, THR305, ALA309"
0384_1,"ILE354, GLY355, TYR386, GLY358, LEU359, THR332, GLU304, THR305, ALA309"
0341_4,"TYR386, LYS387, ALA360, GLY362, TYR363, THR172, LYS175, GLY176, THR177, GLU304, LEU369, THR370, LYS373, PHE374"
0873_11,"TYR99, PRO101, ILE102, ILE77, MET79, ILE209, LEU85, SER214, VAL215, ILE89, MET218"
0325_35,"TYR386, LYS387, THR388, ASP390, GLN391, ALA392, ILE400, TYR402, TYR300, GLY301, PRO302, GLU304, THR305, ALA309, THR310, ILE325, PRO328, GLN333, ILE334, LEU352, CYS353, ILE354, LYS373"
0458_19,"SER322, VAL323, PRO324, ILE325, ASN298, ALA299, TYR300, GLY301, TYR402, LEU403, GLY404, THR277, GLY279, SER280, ALA281, THR282"
0815_12,"ILE230, ILE231, LYS233, ILE236, ASN237, PHE206, ALA207, SER208, ILE209, GLN205, LYS81, SER214"
0296_28,"SER194, LEU195, ILE297, ILE329, ALA299, CYS308, ILE276, THR310, THR311, TRP216, LEU187, PHE190, PHE191"
0579_31,"TYR386, LYS387, THR388, ASP390, GLN391, ALA392, ILE400, GLU401, TYR402, TYR300, GLY301, PRO302, GLU304, THR305, ALA309, VAL323, ILE325, ILE334, LEU352, CYS353, ILE354"
0285_19,"ILE203, GLY204, TRP216, GLU217, MET220, VAL253, ILE254, THR255"
0296_27,"TYR386, LYS387, THR388, ASP390, GLN391, ALA392, ILE400, GLU401, TYR402, TYR300, GLY301, PRO302, GLU304, THR305, ALA309, THR310, ILE325, GLN333, ILE334, LEU352, CYS353, ILE354, LYS373"
0076_8,"VAL323, PRO324, ILE325, ASN298, ALA299, TYR300, TYR402, THR277, SER280, ALA281, THR282"
0384_36,"SER194, LEU195, ILE329, ILE297, ALA299, CYS308, ILE276, THR310, THR311, TRP216, PHE190, PHE191"
0377_28,"VAL169, ILE170, TYR171, ASN173, PRO174, LYS175, GLY176, SER210, VAL100, PRO101, ILE102, ASP103, TYR106, TYR363, TRP364, ARG366, ARG110, ILE111, TYR113, ILE114, ASP117, SER118"
0587_34,"TYR386, LYS387, THR388, ASP390, ALA392, ILE400, GLU401, TYR402, TYR300, GLY301, PRO302, GLU304, THR305, ALA309, THR310, ILE325, ILE334, TYR335, LEU352, CYS353, ILE354"
0796_17,"LYS384, TYR386, LEU359, ALA360, GLY362, TYR363, THR172, LYS175, GLU304, THR177, THR370, LEU369, GLY176, LYS373, PHE374"
0008_6,"ILE354, TYR386, GLY355, GLY356, GLU357, LEU359, THR332, GLU304, THR305, CYS308, ALA309"
0574_35,"VAL169, ILE170, TYR171, ASN173, PRO174, LYS175, GLY176, SER210, VAL100, PRO101, ILE102, ASP103, TYR106, TRP364, ARG110, ILE111, TYR113, ILE114, ASP117, SER118"
0815_20,"SER322, VAL323, PRO324, ILE325, ASN298, ALA299, TYR300, GLY301, TYR402, THR277, ALA278, GLY279, SER280, ALA281, THR282, SER283, PRO284"
0058_9,"GLU357, GLY358, ILE329, GLN330, ASN331, THR332, THR305, THR306, ILE307, CYS308, GLY183, ASN186, LEU187, PHE190"
0534_21,"LYS384, LEU385, ILE354, TYR386, LEU359, ALA360, GLY362, TYR363, ASN173, LYS175, GLU304, THR177, THR370, LEU369, GLY176, LYS373, PHE374"
0018_6,"LYS384, TYR386, LYS387, THR388, ILE354, LEU359, ALA360, GLY362, TYR363, PRO302, GLU304, THR177, THR370, LEU369, THR305, LYS373, PHE374"
0233_23,"TYR386, LYS387, THR388, ASP390, GLN391, ALA392, ILE400, GLU401, TYR402, TYR300, GLY301, PRO302, GLU304, THR305, ALA309, THR310, ILE325, ILE334, TYR335, LEU352, CYS353, ILE354"
0067_4,"LYS384, TYR386, ILE354, GLY355, LEU359, ALA360, GLY362, TYR363, THR172, LYS175, GLU304, LEU369, THR370, THR177, LYS373, PHE374"
0000_17,"ILE230, ILE231, LYS233, ILE236, GLN205, PHE206, ALA207, SER208, LYS81, ILE209"
0873_6,"LYS384, LEU385, TYR386, LEU359, ALA360, GLY362, TYR363, THR172, LYS175, GLU304, THR177, GLY176, THR370, LEU369, LYS373, PHE374"
0018_20,"LEU352, CYS353, ILE354, THR388, ILE325, ASP390, GLN391, ALA392, TYR300, GLY301, PRO302, ILE334, ILE400, THR305, TYR402, GLU401, ALA309, THR310"
0233_27,"THR274, ILE276, THR295, TYR296, ILE297, CYS308, THR310, THR311, TRP312, VAL313, PHE190, SER194, LEU195, ILE329, ILE203, GLY204, TRP216, GLU217, MET220, VAL253, ILE254, THR255"
0083_31,"TYR386, LYS387, THR388, ASP390, GLN391, ALA392, ILE400, GLU401, TYR402, TYR300, GLY301, PRO302, GLU304, THR305, ALA309, THR310, ILE325, ALA327, PRO328, GLN333, ILE334, LEU352, CYS353, ILE354"
0815_22,"GLU357, GLY358, ILE329, GLN330, THR332, THR305, THR306, CYS308, GLY183, ASN186, LEU187, PHE190"
0281_14,"PRO101, ILE102, ASP103, TYR106, TYR171, ARG110, PRO174, ILE111, ILE114, SER210"
0000_18,"THR388, GLY389, ALA281, ASP390, TYR402, GLY404, ARG405, GLN409, VAL410, LYS411, GLN446, PRO447"
0579_28,"ILE77, PHE206, MET79, SER208, ILE209, LYS81, ALA207, GLU80, LEU85, ILE89, TYR99, PRO101, ILE102, ASP103, ILE104, LYS233, ILE231, GLU105, ILE236"
0579_33,"VAL169, ILE170, TYR171, ASN173, PRO174, GLY176, LEU74, SER210, VAL100, PRO101, ILE102, ASP103, TYR106, TRP364, ARG110, ILE111, TYR113, ILE114, ASP117, SER118"
0190_26,"GLY389, ASP390, GLN391, TYR402, LEU403, GLY404, ARG405, THR277, GLY279, SER280, ALA281, THR282, ASN298, ALA299, TYR300, GLY301, HIS321, SER322, VAL323, PRO324, ILE325"
0001_18,"HIS321, SER322, VAL323, PRO324, ILE325, ASN298, ALA299, TYR300, GLY301, TYR402, THR277, GLY279, SER280, ALA281, THR282"
0574_21,"HIS321, SER322, VAL323, PRO324, ILE325, ASN298, ALA299, TYR300, GLY301, TYR402, THR277, GLY279, SER280, ALA281, THR282"
0076_13,"ILE231, LYS233, ILE236, ASN237, PHE206, ALA207, SER208, ILE209, LYS81"
0131_4,"ILE354, GLY355, GLY358, ILE329, GLN330, ASN331, THR332, THR305, THR306, CYS308, ALA309, GLY183, ASN186, LEU187, PHE190"
0574_16,"ILE102, ASP103, ILE104, GLU105, LYS233, ILE231, ILE236, LEU232, PHE206, MET79, SER208, LYS81, ILE209, ALA207, GLU80, LEU85, SER214"
0440_6,"ILE102, ASP103, ILE104, ALA207, SER208, ILE209, SER210, LYS81, MET79, LEU85, GLU80"
0131_22,"VAL100, PRO101, VAL169, TYR171, TRP364, THR172, PRO174, LYS175, GLY176, TYR113, ILE114, ASN173, ARG110, ASP117, SER118"
0377_15,"PRO258, VAL323, SER322, ILE325, PRO324, ASN298, ALA299, TYR300, TYR402, THR277, SER280, ALA281, THR282"
0190_3,"ILE354, GLY355, GLU357, GLY358, LEU359, ILE329, GLN330, ASN331, THR332, THR305, THR306, CYS308, ALA309, GLY183, ASN186, LEU187, PHE190"
0129_23,"ILE102, ILE231, ILE104, LYS233, ASP103, GLU105, ILE236, GLN205, PHE206, ALA207, SER208, LYS81, ILE209, MET79, GLU80, LEU85"
0458_17,"LYS81, SER82, TYR168, VAL169, ILE170, ILE41, CYS43, VAL42, GLU46, GLN47, LEU48, ILE203, GLN205, ALA207, ILE209, SER210, ILE83, PHE211, LEU85, SER214, PHE86, VAL215, ILE89, MET218, GLU217, ASP212, TYR99, LEU228, PRO101, ILE230"
0341_24,"PRO101, ILE102, ASP103, TYR106, TYR171, ASN173, ARG110, ILE111, PRO174, TYR113, ILE114, SER210"
0058_25,"GLN205, PHE206, ALA207, SER208, LYS81, SER82, ILE209, MET79, LEU85, SER214, PHE86, GLU80, ILE89, MET218, ILE230, ILE231, ILE104, LYS233, GLU105, ASP103, ILE236"
0579_10,"GLU357, GLY358, ILE329, GLN330, ASN331, THR332, THR306, ILE307, CYS308, GLY183, ASN186, LEU187, PHE190"
0440_24,"VAL169, TYR171, ASN173, PRO174, GLY176, LEU74, SER210, ALA98, TYR99, VAL100, PRO101, ILE102, ASP103, TYR106, TRP364, ARG110, ILE111, TYR113, ILE114, ASP117, SER118"
0083_9,"SER163, THR164, GLU357, GLY358, LEU359, ALA360, ARG361, THR303, THR306, LEU179, GLU180, LYS182, GLY183"
0384_9,"GLY358, ILE329, GLN330, THR332, THR306, CYS308, GLY183, ASN186, LEU187, PHE190"
0341_7,"GLY358, ILE329, GLN330, ASN331, THR332, THR305, THR306, CYS308, GLY183, ASN186, LEU187, PHE190"
0493_19,"TYR402, LEU403, GLY404, ARG405, ILE406, ASP407, SER280, ALA281, THR277, THR282, SER283, PRO284, ALA278, GLY279, ASN298, ALA299, TYR300, GLY301, HIS321, SER322, VAL323, PRO324, ILE325"
0002_17,"GLN205, PHE206, MET79, ALA207, LYS81, ILE209, SER208, GLU80, LEU85, SER214, SER82, PHE86, MET218, ILE102, ASP103, ILE104, ILE230, ILE231, LYS233, LEU232, ILE236"
0019_11,"LYS384, LEU385, TYR386, LYS387, LEU359, ALA360, GLY362, TYR363, THR172, LYS175, GLU304, THR177, THR370, LEU369, LYS373, PHE374"
0190_6,"LYS384, LEU385, TYR386, LYS387, LEU359, ALA360, GLY362, TYR363, THR172, LYS175, GLU304, THR177, THR370, LEU369, LYS373, PHE374"
0587_11,"LYS384, LEU385, TYR386, LYS387, LEU359, ALA360, GLY362, TYR363, THR172, LYS175, GLU304, LEU369, THR370, THR177, LYS373, PHE374"
0083_26,"ILE102, ILE230, ILE231, ASP103, LYS233, GLU105, ILE104, ILE236, GLN205, PHE206, ALA207, SER208, LYS81, ILE209, MET79, GLU80, LEU85"
0377_1,"ILE354, TYR386, GLY356, GLU357, GLY355, LEU359, THR332, THR305, CYS308, ALA309"
0384_22,"LYS384, TYR386, LYS387, LEU359, ALA360, GLY362, TYR363, PRO174, LYS175, GLU304, LEU369, THR177, THR370, LYS373, PHE374"
0058_26,"VAL169, TYR171, ASN173, PRO174, GLY176, LEU74, SER210, VAL100, PRO101, ILE102, ASP103, TYR106, TRP364, ARG110, ILE111, TYR113, ILE114, ASP117, SER118"
0002_19,"VAL169, TYR171, PRO174, LYS175, GLY176, LEU74, SER210, ALA98, TYR99, VAL100, PRO101, ILE102, ASP103, TYR106, TRP364, ARG110, ILE111, TYR113, ILE114, ASP117, SER118"
0083_23,"PRO101, ILE102, ASP103, TYR106, TYR171, ARG110, PRO174, ILE111, TYR113, SER210, ILE114, LYS175, ASP117, GLY176"
0458_27,"ILE230, ASP103, ILE104, LYS233, GLU105, ILE102, ILE236, GLN205, PHE206, MET79, ALA207, LYS81, ILE209, SER208, GLU80, LEU85, ASN237, ILE231"
0296_26,"HIS321, SER322, VAL323, PRO324, ILE325, ASN298, ALA299, TYR300, GLY301, TYR402, LEU403, GLY404, THR277, GLY279, SER280, ALA281, THR282"
0001_1,"TYR386, GLY355, ILE354, GLY358, LEU359, GLY326, PRO328, THR332, GLN333, ILE334, GLU304, THR305, ILE400, ALA309, THR310"
0325_38,"VAL100, PRO101, ILE102, ASP103, VAL169, TYR106, TYR171, TRP364, ARG110, ILE111, GLY176, PRO174, ILE114, TYR113, SER210, ASP117, SER118"
0021_12,"SER322, VAL323, PRO324, ILE325, ASN298, ALA299, TYR300, TYR402, THR277, SER280, ALA281, THR282"
0281_7,"SER322, VAL323, PRO324, ILE325, ASN298, ALA299, TYR300, TYR402, THR277, SER280, ALA281, THR282"
0325_19,"SER322, VAL323, PRO324, ILE325, ASN298, ALA299, TYR300, TYR402, THR277, SER280, ALA281, THR282"
0341_12,"SER322, VAL323, PRO324, ILE325, ASN298, ALA299, TYR300, TYR402, THR277, SER280, ALA281, THR282"
0018_16,"PRO101, ILE102, ASP103, TYR106, TYR171, ARG110, ILE111, SER210, ILE114"
0129_8,"PRO101, ILE102, ASP103, TYR106, TYR171, ARG110, ILE111, SER210, ILE114"
0493_18,"PRO101, ILE102, ASP103, TYR106, TYR171, ARG110, ILE111, SER210, ILE114"
0587_16,"PRO101, ILE102, ASP103, TYR106, TYR171, ARG110, ILE111, SER210, ILE114"
0815_17,"PRO101, ILE102, ASP103, TYR106, TYR171, ARG110, ILE111, SER210, ILE114"
0001_21,"PRO101, ILE102, ASP103, TYR106, TYR171, ARG110, ILE111, ILE114, SER210"
0285_26,"PRO101, ILE102, ASP103, TYR106, TYR171, ARG110, ILE111, ILE114, SER210"
0534_23,"PRO101, ILE102, ASP103, TYR106, TYR171, ARG110, ILE111, ILE114, SER210"
0554_14,"PRO101, ILE102, ASP103, TYR106, TYR171, ARG110, ILE111, ILE114, SER210"
0325_15,"GLU357, GLY358, ILE329, GLN330, ASN331, THR332, THR305, THR306, CYS308, GLY183, ASN186, LEU187, PHE190"
0873_17,"SER322, VAL323, PRO324, ILE325, ASN298, ALA299, TYR300, TYR402, LEU403, GLY404, GLY279, SER280, ALA281, THR282"
0002_4,"LYS384, LEU385, TYR386, ILE354, LYS387, LEU359, ALA360, GLY362, TYR363, LYS175, GLU304, THR177, THR370, LEU369, GLY176, LYS373, PHE374"
0021_15,"ILE230, ILE231, LYS233, ILE236, GLN205, PHE206, ALA207, SER208, LYS81"
0281_9,"LYS384, TYR386, ILE354, LEU359, ALA360, GLY362, TYR363, LYS175, GLU304, THR177, THR370, LEU369, LYS373, PHE374"
0325_10,"LYS384, LEU385, TYR386, LEU359, ALA360, GLY362, TYR363, LYS175, GLY176, THR177, GLU304, THR370, LEU369, LYS373, PHE374"
0008_15,"PRO101, ILE102, ASP103, TYR106, TYR171, ARG110, PRO174, ILE111, TYR113, SER210, ILE114"
0493_25,"VAL100, PRO101, ILE102, VAL169, TYR171, TRP364, ASN173, ARG110, PRO174, LYS175, TYR113, ARG366, ILE114, GLY176, ASP117, SER118"
0018_10,"ARG416, GLU418, GLN409, TYR402, LEU403, GLY404, ARG405, ASN408, ALA281"
0579_1,"TYR386, ILE354, GLY355, GLY358, LEU359, PRO328, THR332, GLN333, ILE334, THR305, CYS308, ALA309"
0241_19,"PRO101, ILE102, ASP103, TYR106, TYR171, ASN173, PRO174, ILE111, ARG110, TYR113, ILE114, SER210, ASP117"
0873_20,"PRO101, ILE102, ASP103, TYR106, TYR171, ASN173, ARG110, PRO174, ILE111, TYR113, ILE114, SER210, ASP117"
0325_8,"THR164, GLU357, GLY358, LEU359, THR306, LEU179, GLU180, LYS182, GLY183"
0325_34,"PHE191, LEU195, VAL197, ILE297, ILE203, GLY204, THR274, LEU275, ILE276, TRP216, GLU217, MET220, VAL253, ILE254, THR255"
0554_24,"ILE102, ASP103, ILE104, GLU105, LYS233, MET79, GLU80, ILE209, LYS81, ALA207, SER208"
0325_32,"ILE102, ILE231, ILE104, GLU105, LYS233, LEU232, ILE236, ASP103, PHE206, MET79, GLU80, LYS81, ILE209, SER208, ASN237, ALA207, LEU85"
0341_20,"ALA98, TYR99, VAL100, PRO101, VAL169, LEU74, TYR171, TRP364, PRO174, LYS175, GLY176, ILE114, ASP117, SER118"
0587_33,"SER194, LEU195, ALA327, PRO328, ILE329, ILE297, ALA299, CYS308, THR310, THR311, MET220, PHE190, PHE191"
0493_29,"ILE41, VAL42, CYS43, GLN205, PHE206, ALA207, ILE77, LYS81, ILE209, MET79, GLU80, SER208, LEU85, SER82, PHE86, ILE89, SER214, ILE83, MET218, TYR99, LEU228, PRO101, ILE230, ASP103, ILE104, GLU105, LYS233, ILE102, ILE236, ASN237, ILE231"
0190_30,"ARG416, VAL417, GLU418, THR259, GLU420, GLU421, VAL422, VAL262, SER424, ILE425, GLU471, LEU472, PRO473, TYR475, MET476, ILE412, HIS415"
0554_33,"ALA16, THR23, ILE24, HIS25, GLN26, LEU27, PHE28, GLU29, GLN31, VAL32, ARG35, ASN38, VAL39, ALA40, ILE41, LEU48, TYR50, GLU52, LEU53, ASN54, LYS56, ALA57, ASN58, ILE83, PHE86, ILE87, ILE89, LEU90, LEU93, LYS94, GLY96, GLY154, ASN156, LEU157, VAL159, SER161, ALA167, TYR168, ILE170, THR177, LEU179, GLU180, GLY183, ILE184, SER185, ASN186, LEU187, LYS188, VAL189, PHE190, PHE191, ASN193, SER194, LEU195, ASN196, VAL197, ASP201, ILE203, GLY204, ASP212, VAL215, TRP216, GLU217, MET218, PHE219, MET220, LEU222, LEU223, GLY225, ALA226, LEU228, THR252, VAL253, ILE254, THR255, GLN273, THR274, LEU275, ILE276, THR295, TYR296, ILE297, ALA299, THR303, THR306, ILE307, CYS308, THR310, THR311, TRP312, VAL313, ALA327, PRO328, ILE329, GLN330, THR332, GLY358"
0587_29,"ARG416, VAL417, GLU418, VAL439, GLU421, VAL422, PRO447, ILE425, GLU471, LEU472, PRO473, TYR475, MET476, ARG413, ILE412, HIS415"
0076_18,"LYS384, LEU385, TYR386, ILE354, LYS387, LEU359, ALA360, GLY362, TYR363, LYS175, GLU304, THR177, THR370, LEU369, LYS373, PHE374"
0574_3,"PRO257, THR259, TYR260, SER491, ASN492, GLY279, SER280"
0873_15,"ILE102, ASP103, ILE104, LYS233, GLU105, ALA207, SER208, LYS81, ILE209, MET79, GLU80, LEU85"
0285_35,"VAL100, PRO101, VAL169, LEU74, TYR171, TRP364, ILE170, ARG110, PRO174, GLY176, TYR113, ILE114, ASP117, SER118"
0129_5,"HIS321, SER285, SER469, LEU472, PRO473, THR474, SER283, PRO284, ILE477"
0440_25,"PHE144, TYR168, VAL169, ILE170, TYR171, VAL75, GLY76, ILE77, MET79, ILE209, SER210, PHE211, ASP84, LEU85, SER214, VAL215, GLY88, ILE89, MET218, ASP212, VAL92, TYR99, PRO101, ILE102, LEU124, THR125, GLN126"
0341_1,"ILE354, GLY355, TYR386, GLY358, LEU359, PRO328, THR332, GLN333, ILE334, THR305, ALA309, THR310"
0001_26,"ALA98, VAL100, PRO101, LEU166, ASP72, VAL169, LEU74, TYR171, TRP364, TYR168, PRO174, GLY176, ILE114, MET178, ASP117, SER118"
0129_24,"LEU195, THR255, VAL197, THR295, ILE297, ILE203, GLY204, THR274, LEU275, ILE276, TRP216, GLU217, MET220, VAL253, ILE254, PHE191"
0083_20,"ALA98, TYR99, VAL100, PRO101, VAL169, LEU74, TYR171, TRP364, LYS175, GLY176, ILE114, ASP117, SER118"
0000_12,"PRO258, THR259, GLN446, VAL262, ALA281, LYS411, SER280, ILE412, THR282, SER283, GLN444, ARG413, LEU286, PRO447"
0554_28,"LYS365, TYR363, VAL100, PRO101, VAL169, LEU74, TYR171, TRP364, ILE170, ARG110, PRO174, GLY176, LYS175, ILE114, TYR113, ARG366, ASP117, SER118"
0574_9,"ILE230, ILE231, GLN205, ALA207, LYS81, SER82, LEU85, PHE86, SER214, ILE89, MET218"
0190_33,"VAL100, PRO101, VAL169, TYR171, TRP364, ASN173, PRO174, ARG110, GLY176, TYR113, ILE114, LYS365, LYS175, ASP117, SER118, ARG366"
0018_8,"ARG416, GLN391, LEU403, ARG405, GLN409, VAL410, LYS411, ALA349"
0034_22,"SER194, LEU195, VAL313, THR295, ILE297, TYR296, ILE203, GLY204, THR274, LEU275, ILE276, TRP216, GLU217, MET220, VAL253, ILE254, THR255"
0190_25,"SER194, LEU195, THR295, VAL313, ILE297, TYR296, ILE203, GLY204, THR274, LEU275, ILE276, TRP216, GLU217, MET220, VAL253, ILE254, THR255"
0021_22,"SER194, LEU195, ILE297, ILE329, ALA299, CYS308, THR310, THR311, VAL313, PHE190"
0281_31,"ALA16, THR274, LEU275, ILE276, THR295, TYR296, ILE297, THR311, TRP312, VAL313, VAL189, PHE190, ASN193, SER194, LEU195, ASN196, ALA327, PRO328, ILE329, GLN330, ILE203, GLY204, TRP216, GLU217, MET220, VAL253, ILE254, THR255"
0008_19,"VAL100, PRO101, VAL169, LEU74, TYR171, TRP364, LYS365, PRO174, LYS175, GLY176, ILE114, ASP117, SER118"
0067_24,"SER194, LEU195, ALA327, PRO328, ILE297, ILE329, ALA299, ILE276, CYS308, THR310, THR311, TRP312, VAL313, PHE190, PHE191"
0021_20,"PHE191, LEU195, VAL197, ILE297, ILE203, GLY204, THR274, LEU275, ILE276, GLU217, MET220, VAL253, ILE254, THR255"
0076_26,"LYS289, GLU420, GLU421, VAL262, VAL261, SER424, LEU264, SER283, SER285, LEU286"
0754_35,"LEU256, PRO257, TYR260, VAL261, LEU264, ASP265, ILE269, LEU270, SER271, ILE272, ALA278, GLY204, PHE206, ALA207, ALA213, TYR229, ILE230, ILE231, LYS486, MET487, ASP485, THR235, ILE236, PHE239, PHE242, GLU243, TYR245, ILE246, ASN247, LYS249, ILE251, ILE254, THR255"
0019_4,"ARG416, VAL417, GLU418, GLU421, VAL422, ILE425, GLU471, LEU472, PRO473, TYR475, MET476, ILE412, HIS415"
0384_23,"TYR171, ASN173, ARG110, PRO174, GLY176, TYR113, ILE114, LYS175, ASP117"
0341_28,"SER194, LEU195, ILE329, ILE297, ALA299, CYS308, THR310, THR311, TRP312, VAL313, PHE190"
0574_22,"SER194, LEU195, ILE297, ILE329, ALA299, CYS308, THR310, THR311, TRP312, VAL313, PHE190"
0190_14,"PRO257, PRO258, THR259, VAL262, SER280, ALA281, THR282, SER283, LEU286"
0001_13,"ILE231, LEU232, LYS233, ILE236, ASN237, PHE206, ALA207, SER208, LYS81"
0440_14,"LYS384, LEU385, TYR386, LYS387, LEU359, ALA360, GLY362, TYR363, GLU304, THR177, LEU369, THR370, LYS373, PHE374"
0587_6,"TYR171, ASN173, ARG110, PRO174, TYR113, ILE114"
0021_31,"ALA207, ILE41, VAL42, GLN205, MET79, GLU80, LYS81, SER208, ILE83, SER82, LEU85, PHE86, ILE209, SER214, ILE89, MET218, LEU228, ILE230, ASP103, LEU232, LYS233, ILE104, GLU105"
0131_20,"SER194, LEU195, GLU217, ASN196, THR295, TYR296, ILE297, ILE203, GLY204, THR274, LEU275, ILE276, TRP216, VAL313, MET220, VAL253, ILE254, THR255"
0019_21,"PRO258, THR259, VAL262, SER433, GLU434, SER280, ALA281, THR282, SER283, LEU286"
0285_9,"ILE231, LEU232, LYS233, ILE236, ASN237, PHE206, ALA207, GLU80, LYS81, SER208"
0296_4,"ARG416, VAL417, GLU418, LEU419, GLU420, ASN408, GLN409"
0377_8,"THR388, GLY389, ASP390, TYR402, GLY404, ARG405"
0001_7,"PRO258, THR259, VAL262, GLY493, SER280, ALA281, THR282, SER283, LEU286"
0019_23,"TYR99, PRO101, ILE102, ASP103, ILE104, GLU105, LYS233, ILE77, MET79, GLU80, LYS81, ILE209, LEU85, ILE89"
0002_21,"VAL410, LYS411, ILE412, ARG413, HIS415, ARG416, VAL417, GLU418, LEU419, GLU421, VAL422, ILE425, VAL437, SER438, VAL439, PRO447, TYR448, LEU449, GLU471, LEU472, PRO473, TYR475, MET476"
0285_18,"VAL410, LYS411, ILE412, HIS415, ARG416, VAL417, GLU418, LEU419, GLU421, VAL422, VAL437, SER438, VAL439, PRO447, TYR448, LEU449, GLU471, LEU472, PRO473, TYR475, MET476"
0296_7,"ARG416, VAL417, GLU418, GLU421, VAL422, ILE425, GLU471, LEU472, PRO473, TYR475, MET476, HIS415"
0281_28,"LEU256, PRO257, TYR260, ALA278, VAL42, CYS43, GLU44, GLY204, PHE206, ALA207, LYS81, ALA213, GLU217, TYR229, ILE230, ILE231, LEU232, THR235, ILE236, PHE242, TYR245, ILE246, LYS249, ILE251, ILE254, THR255"
0083_25,"LEU228, GLU217, ILE230, ILE41, VAL42, ILE203, GLN205, ALA207, ILE209, SER82, ILE83, LYS81, LEU85, PHE86, SER214, ILE89, MET218"
0008_17,"LYS384, LEU385, TYR386, LYS387, GLU304, THR177, ILE354, GLY355, GLY356, LEU359, ALA360, ARG361, GLY362, TYR363, LEU369, THR370, LYS373, PHE374, GLU383"
0281_20,"TYR386, LYS387, THR388, ASP390, GLN391, ALA392, ARG393, TRP394, VAL11, ASN12, GLY398, ASN399, ILE400, TYR402, TYR300, GLY301, PRO302, GLU304, THR305, ALA309, THR310, ILE325, GLY326, ALA327, PRO328, ILE334, TYR335, ILE336, LEU352, CYS353, ILE354, LYS373"
0131_30,"GLY0, THR1, GLU4, GLU5, TYR7, LEU8, PHE9, VAL11, ASN12, THR172, ASN173, LYS175, THR177, THR277, GLY279, SER280, ALA281, THR282, ASN298, ALA299, TYR300, GLY301, PRO302, THR303, GLU304, THR305, ALA309, THR310, HIS321, SER322, VAL323, PRO324, ILE325, GLY326, ALA327, PRO328, THR332, GLN333, ILE334, TYR335, ILE336, LEU343, LYS344, SER345, VAL346, LEU352, CYS353, ILE354, GLY355, GLY356, LEU359, ALA360, GLY362, TYR363, LEU369, THR370, LYS373, PHE374, ASN377, PHE379, VAL380, GLU383, LYS384, LEU385, TYR386, LYS387, THR388, GLY389, ASP390, GLN391, ALA392, ARG393, TRP394, LEU395, SER396, GLY398, ASN399, ILE400, TYR402, LEU403, GLY404, SER491, ASN492, LYS494"
0815_33,"ASP103, ILE104, GLU105, LYS233, MET79, SER208, ILE209, LYS81, GLU80, LEU85"
0000_15,"TYR99, PRO101, ILE102, ILE77, MET79, ILE209, LEU85, ILE89"
0058_6,"TYR99, PRO101, ILE102, ILE77, MET79, ILE209, LEU85, ILE89"
0067_17,"TYR99, PRO101, ILE102, ILE77, MET79, ILE209, LEU85, ILE89"
0281_29,"PHE144, ALA207, ILE209, ILE41, VAL42, ILE203, GLY204, ILE77, GLN205, MET79, GLU80, LYS81, SER82, ILE83, ASP84, LEU85, PHE86, SER208, GLY88, ILE89, MET218, GLU217, SER214, TYR99, LEU228, PRO101, ILE230, ASP103, ILE104, LYS233, GLU105, LEU232, ILE102, LEU124, THR125, GLN126"
0190_22,"LEU256, TYR260, VAL261, HIS263, LEU472, LEU264, ASP265, ILE236, ASN237, ILE269, PHE239, PHE242, GLU243, SER469, ILE246, GLU471, GLU470, PRO473"
0067_36,"LEU256, PRO257, THR259, TYR260, VAL262, HIS263, LEU264, ASP265, ILE269, ALA278, HIS440, LYS441, ASP442, TYR448, LEU449, CYS450, HIS458, ILE459, GLY204, PHE206, ALA207, SER208, PHE507, ALA213, SER479, TYR480, PHE481, ILE482, GLN483, TYR229, ILE230, ILE231, LYS249, THR235, ILE236, ASN237, ASP238, PHE239, PHE242, GLU243, TYR245, ILE246, PRO503, ASP504, LEU505, THR506, ILE251, THR255"
0493_32,"GLN273, THR274, ILE276, THR295, TYR296, ILE297, ALA299, THR311, VAL313, PHE191, SER194, LEU195, ASN196, VAL197, ASP201, ILE203, GLY204, TRP216, GLU217, MET220, THR252, VAL253, ILE254, THR255"
0241_6,"PRO258, THR259, VAL262, SER280, ALA281, THR282, SER283, LEU286"
0796_14,"PRO258, THR259, VAL262, SER280, ALA281, THR282, SER283, LEU286"
0076_24,"VAL410, LYS411, ILE412, HIS415, ARG416, VAL417, GLU418, LEU419, GLU421, VAL422, ILE425, VAL437, SER438, VAL439, PRO447, TYR448, LEU449, GLU471, LEU472, PRO473, TYR475, MET476"
0241_18,"ASN408, VAL410, LYS411, ILE412, HIS415, ARG416, VAL417, GLU418, LEU419, GLU421, VAL422, ILE425, VAL437, SER438, VAL439, PRO447, TYR448, LEU449, GLU471, LEU472, PRO473, TYR475, MET476"
0377_32,"ASP21, LYS22, THR23, ILE24, HIS25, GLN26, LEU27, PHE28, GLU29, GLN31, VAL32, ALA40, ILE41, LEU48, TYR50, GLU52, LEU53, ASN54, LYS56, ALA57, ASN58, LEU60, ILE63, PHE64, LYS67, GLY68, ILE69, THR73, LEU74, VAL75, ILE77, MET79, GLU80, LYS81, SER82, ILE83, ASP84, LEU85, PHE86, ILE87, GLY88, ILE89, LEU90, ALA91, VAL92, LEU93, LYS94, GLY97, TYR99, PRO101, ILE102, ASP103, ILE104, GLU105, ARG121, MET122, LEU124, THR125, GLN126, GLN140, GLU142, ILE143, PHE144, GLU145, GLU146, THR148, ILE149, GLY154, ASN156, LEU157, VAL159, SER161, ALA167, TYR168, VAL169, ILE170, THR177, LEU179, GLU180, GLY183, ILE184, SER185, ASN186, LEU187, LYS188, PHE190, PHE191, LEU195, GLN205, PHE206, ALA207, SER208, ILE209, SER210, PHE211, ASP212, SER214, VAL215, TRP216, MET218, PHE219, MET220, LEU222, LEU223, GLY225, ALA226, LEU228, ILE230, ILE231, LYS233, ILE236, THR303, THR305, THR306, ILE307, CYS308, ILE329, GLN330, GLU357, GLY358, LEU359"
0129_29,"LEU256, PRO258, THR259, TYR260, VAL261, HIS263, LEU264, ASP265, ARG268, ILE269, LEU275, ILE276, THR277, THR282, LEU286, VAL287, ASN288, TRP290, LYS291, TYR296, ILE297, ASN298, LYS428, HIS429, MET430, TRP312, VAL313, ALA314, LYS316, GLU317, THR318, ILE319, SER322, VAL323, PRO324, ILE236, ASN237, PHE239, VAL240, PHE242, GLU243, ILE246, ILE254"
0341_39,"GLN273, THR274, LEU275, ILE276, THR295, TYR296, ILE297, CYS308, VAL313, PHE191, SER194, LEU195, ASN196, VAL197, ASP201, ILE203, GLY204, TRP216, GLU217, MET220, THR252, VAL253, ILE254, THR255"
0873_25,"GLN273, THR274, LEU275, ILE276, THR295, TYR296, ILE297, CYS308, VAL313, PHE191, SER194, LEU195, ASN196, VAL197, ASP201, ILE203, GLY204, TRP216, GLU217, MET220, THR252, VAL253, ILE254, THR255"
0754_10,"ILE477, LEU449, TYR448, SER479, TYR475, THR474, LYS411, ILE412, ARG413, GLN446, PRO447"
0001_20,"TYR171, ASN173, ARG110, PRO174, TYR113, ILE114, ASP117"
0008_18,"LEU256, PRO258, THR259, VAL261, VAL262, LEU275, ILE276, THR277, ALA281, THR282, SER283, LEU286, VAL287, TRP290, TYR296, ILE297, ASN298, TRP312, VAL313, ALA314, VAL323, PRO324"
0285_40,"GLN273, THR274, ILE276, THR295, TYR296, ILE297, ALA299, CYS308, THR310, THR311, VAL313, PHE190, PHE191, SER194, LEU195, ASN196, VAL197, ASP201, ILE329, MET220, THR252, VAL253, ILE254"
0281_6,"VAL417, GLU418, LEU419, GLU420, ASN408, GLN409, VAL410"
0083_34,"VAL410, LYS411, ILE412, ARG413, ARG416, VAL417, GLU418, LEU419, GLU421, VAL422, ILE425, VAL437, SER438, VAL439, PRO447, TYR448, LEU449, GLU471, LEU472, PRO473, THR474, TYR475, MET476, ILE477"
0285_7,"TYR363, LYS365, ARG366, PRO367, GLU368, LEU369, GLU445"
0384_35,"THR274, LEU275, ILE276, THR295, TYR296, ILE297, VAL313, PHE191, SER194, LEU195, ASN196, VAL197, ASP201, ILE203, GLY204, TRP216, GLU217, MET220, THR252, VAL253, ILE254, THR255"
0001_6,"THR164, LEU166, ARG361, MET178, LEU179, GLU180"
0021_10,"THR164, LEU166, ARG361, MET178, LEU179, GLU180"
0296_14,"THR164, LEU166, ARG361, MET178, LEU179, GLU180"
0019_36,"VAL261, VAL262, LEU264, ASP265, PRO266, ILE269, ILE272, LEU275, SER283, SER285, LEU286, LYS289, TRP290, LYS293, VAL294, LEU427, MET430, TYR431, ILE432, SER433, GLU456"
0233_16,"VAL410, ILE412, HIS415, ARG416, VAL417, GLU418, LEU419, GLU421, VAL422, ILE425, VAL437, SER438, VAL439, PRO447, TYR448, LEU449, GLU471, LEU472, PRO473, TYR475, MET476"
0341_15,"TYR260, HIS263, LEU264, ASP265, SER491, ASN492, GLY493, ILE236, PHE239, VAL240, ARG268, PHE242, GLU243, ILE269, ILE246"
0440_5,"ARG416, VAL417, GLU418, GLU420, GLU421, GLN391, ARG405, ILE406, ASP407, ASN408, GLN409, ALA349, GLY350, GLU351"
0058_18,"VAL410, LYS411, ILE412, HIS415, ARG416, VAL417, GLU418, LEU419, GLU421, VAL422, ILE425, VAL437, SER438, VAL439, PRO447, TYR448, LEU449, GLU471, LEU472, PRO473, THR474, TYR475, MET476, ILE477, SER479"
0058_23,"LEU256, PRO258, THR259, TYR260, VAL261, HIS263, LEU264, ASP265, ARG268, ILE269, LEU275, ILE276, THR277, THR282, LEU286, VAL287, TRP290, LYS291, TYR296, ILE297, ASN298, TRP312, VAL313, ALA314, THR315, LYS316, GLU317, THR318, HIS321, SER322, VAL323, PRO324, GLY204, GLN205, PHE206, TYR229, ILE230, ILE231, LEU232, THR235, ILE236, PHE239, VAL240, PHE242, GLU243, TYR245, ILE246, LYS249, ILE251, ILE254, THR255"
0796_9,"TYR448, VAL417, GLU418, LEU419, LEU449, VAL422, HIS415, VAL437, SER438, VAL439, TYR475, MET476, GLY414, PRO447"
0815_38,"GLN273, THR274, ILE276, THR295, ILE297, PHE191, LEU195, ASN196, VAL197, ASP201, ILE203, GLY204, TRP216, GLU217, MET220, THR252, VAL253, ILE254, THR255"
